bundleId,createDate,createUserId,deleted,updateDate,userAttention,userBalance,userBirthday,userBrief,userEmail,userFans,userFriends,userGender,userId,userImgUrl,userName,userStatus,userType,userVipStatus
93219714,1786526630000,,0,1786527129000,0,400,,,123123@gmail.com,0,0,1,837182374436933,http://www.pumqewy2345.xyz/hfimg/img/62738546adb340a792dcc8072ff39b3a885.png,123123@gmail.com,1,1,0
93219714,1786526460000,,0,,0,0,,,shhs@gmail.com,0,0,1,837181678317637,http://www.pumqewy2345.xyz/hfimg/img/62738546adb340a792dcc8072ff39b3a885.png,shhs@gmail.com,1,1,0
93219714,1786524468000,,0,,0,0,,,124@gmail.com,0,0,1,837173519351877,http://www.pumqewy2345.xyz/hfimg/img/62738546adb340a792dcc8072ff39b3a885.png,124@gmail.com,1,1,0
93219714,1786520766000,,0,,0,0,,,q134@gmail.com,0,0,1,837158353485893,http://www.pumqewy2345.xyz/hfimg/img/62738546adb340a792dcc8072ff39b3a885.png,q134@gmail.com,1,1,0
93219714,1786519450000,,0,,0,0,,,1234@gmail.com,0,0,1,837152963330117,http://www.pumqewy2345.xyz/hfimg/img/62738546adb340a792dcc8072ff39b3a885.png,1234@gmail.com,1,1,0
93219714,1786518577000,,0,,0,0,,,1222@gmail.com,0,0,1,837149387743301,http://www.pumqewy2345.xyz/hfimg/img/62738546adb340a792dcc8072ff39b3a885.png,1222@gmail.com,1,1,0
93219714,1786101894000,,0,,1,0,,,123@gmail.com,0,0,1,835442655322181,http://www.pumqewy2345.xyz/hfimg/img/62738546adb340a792dcc8072ff39b3a885.png,123@gmail.com,1,1,0
93219714,1757904011000,,0,,1,0,,,r,0,0,1,719944126865477,http://www.pumqewy2345.xyz/hfimg/img/62738546adb340a792dcc8072ff39b3a885.png,r,1,1,0
93219714,1757569420000,,0,1757640980000,0,11570,,,abbb,0,0,1,718573641330757,http://www.pumqewy2345.xyz/hfimg/img/62738546adb340a792dcc8072ff39b3a885.png,abbb,1,1,0
93219714,1757557075000,,0,1757565175000,0,13680,,,accc,0,0,1,718523077242949,http://www.pumqewy2345.xyz/hfimg/img/62738546adb340a792dcc8072ff39b3a885.png,accc,1,1,0
93219714,1757556597000,,0,1757556870000,0,13680,,,cccc,0,0,1,718521117683781,http://www.pumqewy2345.xyz/hfimg/img/62738546adb340a792dcc8072ff39b3a885.png,cccc,1,1,0
93219714,1757490162000,,0,1757490916000,0,10260,,,bbbb,0,0,1,718248999641157,http://www.pumqewy2345.xyz/hfimg/img/62738546adb340a792dcc8072ff39b3a885.png,bbbb,1,1,0
93219714,1757298638000,,0,1757299853000,0,2000,,,Aaaaa,0,0,1,717464518840389,http://www.pumqewy2345.xyz/hfimg/img/263c04bcf1264d83b4c08ec5f0098a8a463.png,Aaaaa,1,1,0
93219714,1757296562000,,0,1757556494000,0,13240,,,aaaa,0,0,1,717456016130117,http://www.pumqewy2345.xyz/hfimg/img/5027c1436902463f89c86f684f277b37167.png,aaaa,1,1,0
93219714,1757037293000,,0,1757037497000,0,4220,,,qqqq,0,0,1,716394050601029,http://www.pumqewy2345.xyz/hfimg/img/5027c1436902463f89c86f684f277b37167.png,qqqq,1,1,0
93219714,1757036775000,,0,1757036947000,0,6840,,,welcome,0,0,1,716391927763013,http://www.pumqewy2345.xyz/hfimg/img/5027c1436902463f89c86f684f277b37167.png,welcome,1,1,0
93219714,1756799867000,,0,1757405715000,3,0,,,I,0,0,1,715421554360389,http://www.pumqewy2345.xyz/hfimg/img/5027c1436902463f89c86f684f277b37167.png,I,1,1,0
93219714,1756795658000,,0,,0,0,,,aaa,0,0,1,715404313120837,http://www.pumqewy2345.xyz/hfimg/img/5027c1436902463f89c86f684f277b37167.png,aaa,1,1,0
93219714,1756794066000,,0,,0,0,,,111,0,0,1,715397793124421,http://www.pumqewy2345.xyz/hfimg/img/1453be3ea1be4bfab1dd9d1c4ac4572b391.png,111,1,1,0
93219714,1754391795000,,0,1754391899000,1,800,,,qqqqq,0,0,1,705558089166917,http://www.pumqewy2345.xyz/hfimg/img/1453be3ea1be4bfab1dd9d1c4ac4572b391.png,qqqqq,1,1,0
93219714,1754383058000,,0,1754383195000,0,3250,,,shshgssg,0,0,1,705522302283845,http://www.pumqewy2345.xyz/hfimg/img/1453be3ea1be4bfab1dd9d1c4ac4572b391.png,shshgssg,1,1,0
93219714,1754382896000,,0,,1,0,,,sbsbsbsb,0,0,1,705521640869957,http://www.pumqewy2345.xyz/hfimg/img/1453be3ea1be4bfab1dd9d1c4ac4572b391.png,sbsbsbsb,1,1,0
93219714,1754302131000,,0,1788953033000,2,123350,,,Muzoi@gmail.com,0,0,1,705190825832517,http://www.pumqewy2345.xyz/hfimg/img/1453be3ea1be4bfab1dd9d1c4ac4572b391.png,Muzoi@gmail.com,1,1,0
93219714,1753954039000,,0,1757038266000,6,17320,1970-01-01,Asdalkjsdlkasdlkajsdljalksdjlkaasdasdasdads,Muzoi,0,0,1,703765039452229,http://www.pumqewy2345.xyz/hfimg/img/c741faf6e94048a6b9c06a4a464f2797168.jpeg,Muzoi,1,1,0
93219714,1753863928000,642080306774087,0,,62,,,Turning my face into fantasy worlds—one look at a time.,,43,62,1,703395944636485,http://www.pumqewy2345.xyz/hfimg/img/a687490009124ab58aeaa8847805f9fa827.jpg,Nari Rue,1,2,0
93219714,1753863928000,642080306774087,0,,35,,,"Special effects, sci-fi vibes, and glitter explosions!",,80,88,1,703395944636486,http://www.pumqewy2345.xyz/hfimg/img/29291fe421fd41599f004abd4ada19ad293.jpg,Vika Hosh,1,2,0
93219714,1753863928000,642080306774087,0,,34,,,Where makeup meets movie magic—SFX is my playground.,,41,34,1,703395944636487,http://www.pumqewy2345.xyz/hfimg/img/f1c6be1a1b3b40ddb53a52b153152e4c905.jpg,Elowen Tzai,1,2,0
93219714,1753863928000,642080306774087,0,,87,,,Creating characters and creatures with color and contour.,,13,12,1,703395944636488,http://www.pumqewy2345.xyz/hfimg/img/bbf8845899be4d228e5d4c92bc157076525.jpg,Sera Lune,1,2,0
